-- Database Backup - 2025-11-10 21:26:42
-- Backup Type: auto
-- Created By: System

-- users Table
INSERT INTO users (user_id, username, password_hash, role, full_name) VALUES (1, 'system', 'system', 'system', 'system');
INSERT INTO users (user_id, username, password_hash, role, full_name) VALUES (2, 'niyo', '3381777', 'admin', 'HARINDINTWARI Etienne');
INSERT INTO users (user_id, username, password_hash, role, full_name) VALUES (3, 'jado', '3381777', 'admin', 'Iradukunda');
INSERT INTO users (user_id, username, password_hash, role, full_name) VALUES (4, 'betty', '119991', 'student', 'Akimpaye Beatrice');
INSERT INTO users (user_id, username, password_hash, role, full_name) VALUES (6, 'fre', '3284437', 'student', 'Ntawe Frederic');
INSERT INTO users (user_id, username, password_hash, role, full_name) VALUES (8, 'j', '106', 'student', 'j');
-- documents Table
INSERT INTO documents (doc_id, title, file_path, uploaded_by, upload_date, user_id, file_size) VALUES (2, 'TestMySpeech', 'shared_documents\\TestMySpeech_20251105_212527.docx', 'niyo', '2025-11-05', 2, 26232);
INSERT INTO documents (doc_id, title, file_path, uploaded_by, upload_date, user_id, file_size) VALUES (3, 'Appointment', 'shared_documents\\Appointment_20251105_214933.pdf', 'niyo', '2025-11-05', 2, 94702);
INSERT INTO documents (doc_id, title, file_path, uploaded_by, upload_date, user_id, file_size) VALUES (5, 'Readme', 'shared_documents\\Readme_20251105_223115.txt', 'kapo', '2025-11-05', 6, 586);
INSERT INTO documents (doc_id, title, file_path, uploaded_by, upload_date, user_id, file_size) VALUES (6, 'project[1] (AutoRecovered)', 'shared_documents\\project_1___AutoRecovered__20251106_180038.docx', 'niyo', '2025-11-06', 2, 17274);
INSERT INTO documents (doc_id, title, file_path, uploaded_by, upload_date, user_id, file_size) VALUES (7, 'TrM_SWDDT501_DevOps Techniques Application', 'shared_documents\\TrM_SWDDT501_DevOps_Techniques_Application_20251108_204215.pdf', 'HARINDINTWARI Etienne', '2025-11-08', 2, 905257);
-- activity_logs Table
INSERT INTO activity_logs (log_id, user_id, action_type, action_details, timestamp) VALUES (8, 2, 'LOGIN', 'User logged in successfully', '2025-11-05 17:37:27.0');
INSERT INTO activity_logs (log_id, user_id, action_type, action_details, timestamp) VALUES (9, 2, 'UPLOAD', 'Uploaded document: markinggg', '2025-11-05 17:38:29.0');
INSERT INTO activity_logs (log_id, user_id, action_type, action_details, timestamp) VALUES (10, 2, 'LOGIN', 'User logged in successfully', '2025-11-05 17:40:07.0');
INSERT INTO activity_logs (log_id, user_id, action_type, action_details, timestamp) VALUES (11, 2, 'LOGIN', 'User logged in successfully', '2025-11-05 18:03:21.0');
INSERT INTO activity_logs (log_id, user_id, action_type, action_details, timestamp) VALUES (12, NULL, 'LOGIN_FAILED', 'Failed login attempt for: hh', '2025-11-05 19:57:18.0');
INSERT INTO activity_logs (log_id, user_id, action_type, action_details, timestamp) VALUES (13, 2, 'LOGIN', 'User logged in successfully', '2025-11-05 19:57:25.0');
INSERT INTO activity_logs (log_id, user_id, action_type, action_details, timestamp) VALUES (14, NULL, 'LOGIN_FAILED', 'Failed login attempt for: hygtf', '2025-11-05 21:01:52.0');
INSERT INTO activity_logs (log_id, user_id, action_type, action_details, timestamp) VALUES (15, 2, 'LOGIN', 'User logged in successfully', '2025-11-05 21:02:10.0');
INSERT INTO activity_logs (log_id, user_id, action_type, action_details, timestamp) VALUES (16, 2, 'LOGIN', 'User logged in successfully', '2025-11-05 21:08:52.0');
INSERT INTO activity_logs (log_id, user_id, action_type, action_details, timestamp) VALUES (17, 2, 'LOGIN', 'User logged in successfully', '2025-11-05 21:22:47.0');
INSERT INTO activity_logs (log_id, user_id, action_type, action_details, timestamp) VALUES (18, 2, 'USER_CREATE_ERROR', 'User creation error: Cannot construct instance of `com.example.offlinedocumenthubserver.User` (no Creators, like default constructor, exist): cannot deserialize from Object value (no delegate- or property-based Creator)
 at [Source: (String)"{"id":0,"username":"ioi","fullName":"ioi poo","password":"123","role":"student"}"; line: 1, column: 2]', '2025-11-05 21:24:02.0');
INSERT INTO activity_logs (log_id, user_id, action_type, action_details, timestamp) VALUES (19, 2, 'USER_UPDATE_ERROR', 'User update error: Cannot construct instance of `com.example.offlinedocumenthubserver.User` (no Creators, like default constructor, exist): cannot deserialize from Object value (no delegate- or property-based Creator)
 at [Source: (String)"{"id":1,"username":"adminsss","fullName":"System Administrator","password":null,"role":"admin"}"; line: 1, column: 2]', '2025-11-05 21:24:52.0');
INSERT INTO activity_logs (log_id, user_id, action_type, action_details, timestamp) VALUES (20, 2, 'UPLOAD', 'Uploaded document: TestMySpeech', '2025-11-05 21:25:27.0');
INSERT INTO activity_logs (log_id, user_id, action_type, action_details, timestamp) VALUES (21, 2, 'USER_DELETE', 'Deleted user ID: 1', '2025-11-05 21:28:00.0');
INSERT INTO activity_logs (log_id, user_id, action_type, action_details, timestamp) VALUES (22, 2, 'USER_CREATE_ERROR', 'User creation error: Cannot construct instance of `com.example.offlinedocumenthubserver.User` (no Creators, like default constructor, exist): cannot deserialize from Object value (no delegate- or property-based Creator)
 at [Source: (String)"{"id":0,"username":"uygt","fullName":"ygr","password":"gfc","role":"student"}"; line: 1, column: 2]', '2025-11-05 21:28:09.0');
INSERT INTO activity_logs (log_id, user_id, action_type, action_details, timestamp) VALUES (23, 2, 'USER_UPDATE_ERROR', 'User update error: Cannot construct instance of `com.example.offlinedocumenthubserver.User` (no Creators, like default constructor, exist): cannot deserialize from Object value (no delegate- or property-based Creator)
 at [Source: (String)"{"id":3,"username":"niyoi0oo","fullName":"niyo","password":null,"role":"admin"}"; line: 1, column: 2]', '2025-11-05 21:28:42.0');
INSERT INTO activity_logs (log_id, user_id, action_type, action_details, timestamp) VALUES (24, 2, 'DELETE', 'Deleted document ID: 1', '2025-11-05 21:30:25.0');
INSERT INTO activity_logs (log_id, user_id, action_type, action_details, timestamp) VALUES (25, 2, 'USER_UPDATE_ERROR', 'User update error: Cannot construct instance of `com.example.offlinedocumenthubserver.User` (no Creators, like default constructor, exist): cannot deserialize from Object value (no delegate- or property-based Creator)
 at [Source: (String)"{"id":3,"username":"niyoi","fullName":"niyo","password":null,"role":"student"}"; line: 1, column: 2]', '2025-11-05 21:31:46.0');
INSERT INTO activity_logs (log_id, user_id, action_type, action_details, timestamp) VALUES (26, NULL, 'LOGIN_FAILED', 'Failed login attempt for: jhg', '2025-11-05 21:32:35.0');
INSERT INTO activity_logs (log_id, user_id, action_type, action_details, timestamp) VALUES (27, NULL, 'REGISTER', 'New user registered: uytr', '2025-11-05 21:32:43.0');
INSERT INTO activity_logs (log_id, user_id, action_type, action_details, timestamp) VALUES (28, 2, 'LOGIN', 'User logged in successfully', '2025-11-05 21:48:38.0');
INSERT INTO activity_logs (log_id, user_id, action_type, action_details, timestamp) VALUES (29, 2, 'USER_CREATE_ERROR', 'User creation error: Cannot construct instance of `com.example.offlinedocumenthubserver.User` (no Creators, like default constructor, exist): cannot deserialize from Object value (no delegate- or property-based Creator)
 at [Source: (String)"{"id":0,"username":"iiww","fullName":"www","password":"wwwww","role":"student"}"; line: 1, column: 2]', '2025-11-05 21:48:52.0');
INSERT INTO activity_logs (log_id, user_id, action_type, action_details, timestamp) VALUES (30, 2, 'USER_UPDATE_ERROR', 'User update error: Cannot construct instance of `com.example.offlinedocumenthubserver.User` (no Creators, like default constructor, exist): cannot deserialize from Object value (no delegate- or property-based Creator)
 at [Source: (String)"{"id":4,"username":"uytrooo","fullName":"uytr","password":null,"role":"student"}"; line: 1, column: 2]', '2025-11-05 21:49:16.0');
INSERT INTO activity_logs (log_id, user_id, action_type, action_details, timestamp) VALUES (31, 2, 'UPLOAD', 'Uploaded document: Appointment', '2025-11-05 21:49:33.0');
INSERT INTO activity_logs (log_id, user_id, action_type, action_details, timestamp) VALUES (32, 2, 'EDIT_ERROR', 'Edit error: Cannot construct instance of `com.example.offlinedocumenthubserver.Document` (no Creators, like default constructor, exist): cannot deserialize from Object value (no delegate- or property-based Creator)
 at [Source: (String)"{"docId":3,"title":"Appointmentooo","filePath":"shared_documents\\\\Appointment_20251105_214933.pdf","uploadedBy":"niyo","userId":2,"uploadDate":"2025-11-05","fileSize":"92.5 KB"}"; line: 1, column: 2]', '2025-11-05 21:54:30.0');
INSERT INTO activity_logs (log_id, user_id, action_type, action_details, timestamp) VALUES (33, 2, 'LOGIN', 'User logged in successfully', '2025-11-05 22:24:01.0');
INSERT INTO activity_logs (log_id, user_id, action_type, action_details, timestamp) VALUES (34, 2, 'USER_CREATE', 'Created user: tt', '2025-11-05 22:24:16.0');
INSERT INTO activity_logs (log_id, user_id, action_type, action_details, timestamp) VALUES (35, 2, 'USER_UPDATE', 'Updated user ID: 5', '2025-11-05 22:24:30.0');
INSERT INTO activity_logs (log_id, user_id, action_type, action_details, timestamp) VALUES (36, 2, 'USER_DELETE', 'Deleted user ID: 5', '2025-11-05 22:24:36.0');
INSERT INTO activity_logs (log_id, user_id, action_type, action_details, timestamp) VALUES (37, 2, 'UPLOAD', 'Uploaded document: Adelphine_MUSABYIMANAA[1]', '2025-11-05 22:24:57.0');
INSERT INTO activity_logs (log_id, user_id, action_type, action_details, timestamp) VALUES (38, 2, 'EDIT_ERROR', 'Edit error: Cannot deserialize value of type `long` from String "1.3 MB": not a valid `long` value
 at [Source: (String)"{"docId":4,"title":"musaa","filePath":"shared_documents\\\\Adelphine_MUSABYIMANAA_1__20251105_222457.doc","uploadedBy":"niyo","userId":2,"uploadDate":"2025-11-05","fileSize":"1.3 MB"}"; line: 1, column: 173] (through reference chain: com.example.offlinedocumenthubserver.Document["fileSize"])', '2025-11-05 22:25:11.0');
INSERT INTO activity_logs (log_id, user_id, action_type, action_details, timestamp) VALUES (39, 2, 'DOWNLOAD', 'Downloaded document: Adelphine_MUSABYIMANAA[1]', '2025-11-05 22:25:29.0');
INSERT INTO activity_logs (log_id, user_id, action_type, action_details, timestamp) VALUES (40, 2, 'DELETE', 'Deleted document ID: 4', '2025-11-05 22:26:12.0');
INSERT INTO activity_logs (log_id, user_id, action_type, action_details, timestamp) VALUES (41, 2, 'EDIT_ERROR', 'Edit error: Cannot deserialize value of type `long` from String "92.5 KB": not a valid `long` value
 at [Source: (String)"{"docId":3,"title":"Appointmentop","filePath":"shared_documents\\\\Appointment_20251105_214933.pdf","uploadedBy":"niyo","userId":2,"uploadDate":"2025-11-05","fileSize":"92.5 KB"}"; line: 1, column: 167] (through reference chain: com.example.offlinedocumenthubserver.Document["fileSize"])', '2025-11-05 22:26:23.0');
INSERT INTO activity_logs (log_id, user_id, action_type, action_details, timestamp) VALUES (42, 2, 'LOGIN', 'User logged in successfully', '2025-11-05 22:28:05.0');
INSERT INTO activity_logs (log_id, user_id, action_type, action_details, timestamp) VALUES (43, 2, 'USER_UPDATE', 'Updated user ID: 2', '2025-11-05 22:28:20.0');
INSERT INTO activity_logs (log_id, user_id, action_type, action_details, timestamp) VALUES (44, 2, 'LOGIN', 'User logged in successfully', '2025-11-05 22:28:46.0');
INSERT INTO activity_logs (log_id, user_id, action_type, action_details, timestamp) VALUES (45, NULL, 'REGISTER', 'New user registered: kapo', '2025-11-05 22:29:54.0');
INSERT INTO activity_logs (log_id, user_id, action_type, action_details, timestamp) VALUES (46, NULL, 'LOGIN_FAILED', 'Failed login attempt for: kapo', '2025-11-05 22:30:07.0');
INSERT INTO activity_logs (log_id, user_id, action_type, action_details, timestamp) VALUES (47, 6, 'LOGIN', 'User logged in successfully', '2025-11-05 22:30:09.0');
INSERT INTO activity_logs (log_id, user_id, action_type, action_details, timestamp) VALUES (48, 6, 'UPLOAD', 'Uploaded document: Readme', '2025-11-05 22:31:15.0');
INSERT INTO activity_logs (log_id, user_id, action_type, action_details, timestamp) VALUES (49, 6, 'LOGIN', 'User logged in successfully', '2025-11-05 22:36:37.0');
INSERT INTO activity_logs (log_id, user_id, action_type, action_details, timestamp) VALUES (50, 6, 'LOGOUT', 'User logged out', '2025-11-05 22:37:10.0');
INSERT INTO activity_logs (log_id, user_id, action_type, action_details, timestamp) VALUES (51, 2, 'LOGIN', 'User logged in successfully', '2025-11-05 22:37:36.0');
INSERT INTO activity_logs (log_id, user_id, action_type, action_details, timestamp) VALUES (52, 2, 'LOGIN', 'User logged in successfully', '2025-11-05 22:45:59.0');
INSERT INTO activity_logs (log_id, user_id, action_type, action_details, timestamp) VALUES (53, 2, 'LOGIN', 'User logged in successfully', '2025-11-05 22:48:28.0');
INSERT INTO activity_logs (log_id, user_id, action_type, action_details, timestamp) VALUES (54, 2, 'LOGIN', 'User logged in successfully', '2025-11-05 22:51:06.0');
INSERT INTO activity_logs (log_id, user_id, action_type, action_details, timestamp) VALUES (55, 2, 'LOGIN', 'User logged in successfully', '2025-11-05 22:56:00.0');
INSERT INTO activity_logs (log_id, user_id, action_type, action_details, timestamp) VALUES (56, 2, 'LOGIN', 'User logged in successfully', '2025-11-05 23:00:15.0');
INSERT INTO activity_logs (log_id, user_id, action_type, action_details, timestamp) VALUES (57, 2, 'LOGIN', 'User logged in successfully', '2025-11-05 23:05:00.0');
INSERT INTO activity_logs (log_id, user_id, action_type, action_details, timestamp) VALUES (58, 2, 'LOGOUT', 'User logged out', '2025-11-05 23:05:21.0');
INSERT INTO activity_logs (log_id, user_id, action_type, action_details, timestamp) VALUES (59, 6, 'LOGIN', 'User logged in successfully', '2025-11-05 23:05:30.0');
INSERT INTO activity_logs (log_id, user_id, action_type, action_details, timestamp) VALUES (60, 2, 'LOGIN', 'User logged in successfully', '2025-11-05 23:14:44.0');
INSERT INTO activity_logs (log_id, user_id, action_type, action_details, timestamp) VALUES (61, 2, 'LOGIN', 'User logged in successfully', '2025-11-05 23:18:08.0');
INSERT INTO activity_logs (log_id, user_id, action_type, action_details, timestamp) VALUES (62, 2, 'LOGIN', 'User logged in successfully', '2025-11-05 23:19:17.0');
INSERT INTO activity_logs (log_id, user_id, action_type, action_details, timestamp) VALUES (63, 2, 'LOGIN', 'User logged in successfully', '2025-11-06 00:04:59.0');
INSERT INTO activity_logs (log_id, user_id, action_type, action_details, timestamp) VALUES (64, 2, 'LOGIN', 'User logged in successfully', '2025-11-06 00:16:32.0');
INSERT INTO activity_logs (log_id, user_id, action_type, action_details, timestamp) VALUES (65, 2, 'LOGIN', 'User logged in successfully', '2025-11-06 00:34:11.0');
INSERT INTO activity_logs (log_id, user_id, action_type, action_details, timestamp) VALUES (66, 2, 'LOGIN', 'User logged in successfully', '2025-11-06 00:37:21.0');
INSERT INTO activity_logs (log_id, user_id, action_type, action_details, timestamp) VALUES (67, 2, 'LOGIN', 'User logged in successfully', '2025-11-06 00:44:19.0');
INSERT INTO activity_logs (log_id, user_id, action_type, action_details, timestamp) VALUES (68, 2, 'LOGIN', 'User logged in successfully', '2025-11-06 17:22:58.0');
INSERT INTO activity_logs (log_id, user_id, action_type, action_details, timestamp) VALUES (69, 2, 'LOGIN', 'User logged in successfully', '2025-11-06 17:41:56.0');
INSERT INTO activity_logs (log_id, user_id, action_type, action_details, timestamp) VALUES (70, 2, 'LOGIN', 'User logged in successfully', '2025-11-06 17:48:01.0');
INSERT INTO activity_logs (log_id, user_id, action_type, action_details, timestamp) VALUES (71, 2, 'LOGOUT', 'User logged out', '2025-11-06 17:53:05.0');
INSERT INTO activity_logs (log_id, user_id, action_type, action_details, timestamp) VALUES (72, NULL, 'LOGIN_FAILED', 'Failed login attempt for: uhygft', '2025-11-06 17:59:32.0');
INSERT INTO activity_logs (log_id, user_id, action_type, action_details, timestamp) VALUES (73, 2, 'LOGIN', 'User logged in successfully', '2025-11-06 17:59:40.0');
INSERT INTO activity_logs (log_id, user_id, action_type, action_details, timestamp) VALUES (74, 2, 'UPLOAD', 'Uploaded document: project[1] (AutoRecovered)', '2025-11-06 18:00:38.0');
INSERT INTO activity_logs (log_id, user_id, action_type, action_details, timestamp) VALUES (75, 6, 'LOGIN', 'User logged in successfully', '2025-11-06 18:01:26.0');
INSERT INTO activity_logs (log_id, user_id, action_type, action_details, timestamp) VALUES (76, 6, 'DOWNLOAD', 'Downloaded document: project[1] (AutoRecovered)', '2025-11-06 18:01:40.0');
INSERT INTO activity_logs (log_id, user_id, action_type, action_details, timestamp) VALUES (77, 6, 'LOGOUT', 'User logged out', '2025-11-06 18:02:47.0');
INSERT INTO activity_logs (log_id, user_id, action_type, action_details, timestamp) VALUES (78, 2, 'LOGIN', 'User logged in successfully', '2025-11-06 18:02:59.0');
INSERT INTO activity_logs (log_id, user_id, action_type, action_details, timestamp) VALUES (79, 2, 'LOGOUT', 'User logged out', '2025-11-06 19:53:04.0');
INSERT INTO activity_logs (log_id, user_id, action_type, action_details, timestamp) VALUES (80, 2, 'LOGIN', 'User logged in successfully', '2025-11-06 22:02:35.0');
INSERT INTO activity_logs (log_id, user_id, action_type, action_details, timestamp) VALUES (81, 2, 'LOGIN', 'User logged in successfully', '2025-11-06 22:15:46.0');
INSERT INTO activity_logs (log_id, user_id, action_type, action_details, timestamp) VALUES (82, 2, 'CONVERSATIONS_LOAD_ERROR', 'Failed to load conversations: Unknown column ''m2.receiver_id'' in ''WHERE''', '2025-11-06 22:15:55.0');
INSERT INTO activity_logs (log_id, user_id, action_type, action_details, timestamp) VALUES (83, 2, 'CONVERSATIONS_LOAD_ERROR', 'Failed to load conversations: Unknown column ''m2.receiver_id'' in ''WHERE''', '2025-11-06 22:15:55.0');
INSERT INTO activity_logs (log_id, user_id, action_type, action_details, timestamp) VALUES (84, 2, 'CONVERSATIONS_LOAD_ERROR', 'Failed to load conversations: Unknown column ''m2.receiver_id'' in ''WHERE''', '2025-11-06 22:15:57.0');
INSERT INTO activity_logs (log_id, user_id, action_type, action_details, timestamp) VALUES (85, 2, 'CONVERSATIONS_LOAD_ERROR', 'Failed to load conversations: Unknown column ''m2.receiver_id'' in ''WHERE''', '2025-11-06 22:15:59.0');
INSERT INTO activity_logs (log_id, user_id, action_type, action_details, timestamp) VALUES (86, 2, 'CONVERSATIONS_LOAD_ERROR', 'Failed to load conversations: Unknown column ''m2.receiver_id'' in ''WHERE''', '2025-11-06 22:16:01.0');
INSERT INTO activity_logs (log_id, user_id, action_type, action_details, timestamp) VALUES (87, 2, 'CONVERSATIONS_LOAD_ERROR', 'Failed to load conversations: Unknown column ''m2.receiver_id'' in ''WHERE''', '2025-11-06 22:16:03.0');
INSERT INTO activity_logs (log_id, user_id, action_type, action_details, timestamp) VALUES (88, 2, 'CONVERSATIONS_LOAD_ERROR', 'Failed to load conversations: Unknown column ''m2.receiver_id'' in ''WHERE''', '2025-11-06 22:16:05.0');
INSERT INTO activity_logs (log_id, user_id, action_type, action_details, timestamp) VALUES (89, 2, 'CONVERSATIONS_LOAD_ERROR', 'Failed to load conversations: Unknown column ''m2.receiver_id'' in ''WHERE''', '2025-11-06 22:16:07.0');
INSERT INTO activity_logs (log_id, user_id, action_type, action_details, timestamp) VALUES (90, 2, 'CONVERSATIONS_LOAD_ERROR', 'Failed to load conversations: Unknown column ''m2.receiver_id'' in ''WHERE''', '2025-11-06 22:16:09.0');
INSERT INTO activity_logs (log_id, user_id, action_type, action_details, timestamp) VALUES (91, 2, 'CONVERSATIONS_LOAD_ERROR', 'Failed to load conversations: Unknown column ''m2.receiver_id'' in ''WHERE''', '2025-11-06 22:16:11.0');
INSERT INTO activity_logs (log_id, user_id, action_type, action_details, timestamp) VALUES (92, 2, 'CONVERSATIONS_LOAD_ERROR', 'Failed to load conversations: Unknown column ''m2.receiver_id'' in ''WHERE''', '2025-11-06 22:16:13.0');
INSERT INTO activity_logs (log_id, user_id, action_type, action_details, timestamp) VALUES (93, 2, 'CONVERSATIONS_LOAD_ERROR', 'Failed to load conversations: Unknown column ''m2.receiver_id'' in ''WHERE''', '2025-11-06 22:16:15.0');
INSERT INTO activity_logs (log_id, user_id, action_type, action_details, timestamp) VALUES (94, 2, 'CONVERSATIONS_LOAD_ERROR', 'Failed to load conversations: Unknown column ''m2.receiver_id'' in ''WHERE''', '2025-11-06 22:16:17.0');
INSERT INTO activity_logs (log_id, user_id, action_type, action_details, timestamp) VALUES (95, 2, 'CONVERSATIONS_LOAD_ERROR', 'Failed to load conversations: Unknown column ''m2.receiver_id'' in ''WHERE''', '2025-11-06 22:16:19.0');
INSERT INTO activity_logs (log_id, user_id, action_type, action_details, timestamp) VALUES (96, 2, 'MESSAGES_LOAD_ERROR', 'Failed to load messages: Unknown column ''m.receiver_id'' in ''WHERE''', '2025-11-06 22:16:20.0');
INSERT INTO activity_logs (log_id, user_id, action_type, action_details, timestamp) VALUES (97, 2, 'MARK_READ_ERROR', 'Mark read error: Unknown column ''receiver_id'' in ''WHERE''', '2025-11-06 22:16:20.0');
INSERT INTO activity_logs (log_id, user_id, action_type, action_details, timestamp) VALUES (98, 2, 'MESSAGES_LOAD_ERROR', 'Failed to load messages: Unknown column ''m.receiver_id'' in ''WHERE''', '2025-11-06 22:16:21.0');
INSERT INTO activity_logs (log_id, user_id, action_type, action_details, timestamp) VALUES (99, 2, 'MESSAGES_LOAD_ERROR', 'Failed to load messages: Unknown column ''m.receiver_id'' in ''WHERE''', '2025-11-06 22:16:23.0');
INSERT INTO activity_logs (log_id, user_id, action_type, action_details, timestamp) VALUES (100, 2, 'MESSAGES_LOAD_ERROR', 'Failed to load messages: Unknown column ''m.receiver_id'' in ''WHERE''', '2025-11-06 22:16:25.0');
INSERT INTO activity_logs (log_id, user_id, action_type, action_details, timestamp) VALUES (101, 2, 'MESSAGES_LOAD_ERROR', 'Failed to load messages: Unknown column ''m.receiver_id'' in ''WHERE''', '2025-11-06 22:16:27.0');
INSERT INTO activity_logs (log_id, user_id, action_type, action_details, timestamp) VALUES (102, 2, 'MESSAGES_LOAD_ERROR', 'Failed to load messages: Unknown column ''m.receiver_id'' in ''WHERE''', '2025-11-06 22:16:29.0');
INSERT INTO activity_logs (log_id, user_id, action_type, action_details, timestamp) VALUES (103, 2, 'MESSAGES_LOAD_ERROR', 'Failed to load messages: Unknown column ''m.receiver_id'' in ''WHERE''', '2025-11-06 22:16:31.0');
INSERT INTO activity_logs (log_id, user_id, action_type, action_details, timestamp) VALUES (104, 2, 'MESSAGES_LOAD_ERROR', 'Failed to load messages: Unknown column ''m.receiver_id'' in ''WHERE''', '2025-11-06 22:16:33.0');
INSERT INTO activity_logs (log_id, user_id, action_type, action_details, timestamp) VALUES (105, 2, 'SEND_MESSAGE_ERROR', 'Message send error: Unknown column ''receiver_id'' in ''INSERT INTO''', '2025-11-06 22:16:34.0');
INSERT INTO activity_logs (log_id, user_id, action_type, action_details, timestamp) VALUES (106, 2, 'MESSAGES_LOAD_ERROR', 'Failed to load messages: Unknown column ''m.receiver_id'' in ''WHERE''', '2025-11-06 22:16:35.0');
INSERT INTO activity_logs (log_id, user_id, action_type, action_details, timestamp) VALUES (107, 2, 'MESSAGES_LOAD_ERROR', 'Failed to load messages: Unknown column ''m.receiver_id'' in ''WHERE''', '2025-11-06 22:16:37.0');
INSERT INTO activity_logs (log_id, user_id, action_type, action_details, timestamp) VALUES (108, 2, 'MESSAGES_LOAD_ERROR', 'Failed to load messages: Unknown column ''m.receiver_id'' in ''WHERE''', '2025-11-06 22:16:39.0');
INSERT INTO activity_logs (log_id, user_id, action_type, action_details, timestamp) VALUES (109, 2, 'MESSAGES_LOAD_ERROR', 'Failed to load messages: Unknown column ''m.receiver_id'' in ''WHERE''', '2025-11-06 22:16:41.0');
INSERT INTO activity_logs (log_id, user_id, action_type, action_details, timestamp) VALUES (110, 2, 'MESSAGES_LOAD_ERROR', 'Failed to load messages: Unknown column ''m.receiver_id'' in ''WHERE''', '2025-11-06 22:16:43.0');
INSERT INTO activity_logs (log_id, user_id, action_type, action_details, timestamp) VALUES (111, 2, 'MESSAGES_LOAD_ERROR', 'Failed to load messages: Unknown column ''m.receiver_id'' in ''WHERE''', '2025-11-06 22:16:45.0');
INSERT INTO activity_logs (log_id, user_id, action_type, action_details, timestamp) VALUES (112, 2, 'MESSAGES_LOAD_ERROR', 'Failed to load messages: Unknown column ''m.receiver_id'' in ''WHERE''', '2025-11-06 22:16:47.0');
INSERT INTO activity_logs (log_id, user_id, action_type, action_details, timestamp) VALUES (113, 2, 'MESSAGES_LOAD_ERROR', 'Failed to load messages: Unknown column ''m.receiver_id'' in ''WHERE''', '2025-11-06 22:16:49.0');
INSERT INTO activity_logs (log_id, user_id, action_type, action_details, timestamp) VALUES (114, 2, 'MESSAGES_LOAD_ERROR', 'Failed to load messages: Unknown column ''m.receiver_id'' in ''WHERE''', '2025-11-06 22:16:51.0');
INSERT INTO activity_logs (log_id, user_id, action_type, action_details, timestamp) VALUES (115, 2, 'MESSAGES_LOAD_ERROR', 'Failed to load messages: Unknown column ''m.receiver_id'' in ''WHERE''', '2025-11-06 22:16:53.0');
INSERT INTO activity_logs (log_id, user_id, action_type, action_details, timestamp) VALUES (116, 2, 'MESSAGES_LOAD_ERROR', 'Failed to load messages: Unknown column ''m.receiver_id'' in ''WHERE''', '2025-11-06 22:16:55.0');
INSERT INTO activity_logs (log_id, user_id, action_type, action_details, timestamp) VALUES (117, 2, 'MARK_READ_ERROR', 'Mark read error: Unknown column ''receiver_id'' in ''WHERE''', '2025-11-06 22:16:55.0');
INSERT INTO activity_logs (log_id, user_id, action_type, action_details, timestamp) VALUES (118, 2, 'MESSAGES_LOAD_ERROR', 'Failed to load messages: Unknown column ''m.receiver_id'' in ''WHERE''', '2025-11-06 22:16:55.0');
INSERT INTO activity_logs (log_id, user_id, action_type, action_details, timestamp) VALUES (119, 2, 'MESSAGES_LOAD_ERROR', 'Failed to load messages: Unknown column ''m.receiver_id'' in ''WHERE''', '2025-11-06 22:16:57.0');
INSERT INTO activity_logs (log_id, user_id, action_type, action_details, timestamp) VALUES (120, 2, 'SEND_MESSAGE_ERROR', 'Message send error: Unknown column ''receiver_id'' in ''INSERT INTO''', '2025-11-06 22:16:58.0');
INSERT INTO activity_logs (log_id, user_id, action_type, action_details, timestamp) VALUES (121, 2, 'MESSAGES_LOAD_ERROR', 'Failed to load messages: Unknown column ''m.receiver_id'' in ''WHERE''', '2025-11-06 22:16:59.0');
INSERT INTO activity_logs (log_id, user_id, action_type, action_details, timestamp) VALUES (122, 2, 'MESSAGES_LOAD_ERROR', 'Failed to load messages: Unknown column ''m.receiver_id'' in ''WHERE''', '2025-11-06 22:17:01.0');
INSERT INTO activity_logs (log_id, user_id, action_type, action_details, timestamp) VALUES (123, 2, 'MESSAGES_LOAD_ERROR', 'Failed to load messages: Unknown column ''m.receiver_id'' in ''WHERE''', '2025-11-06 22:17:03.0');
INSERT INTO activity_logs (log_id, user_id, action_type, action_details, timestamp) VALUES (124, 2, 'MESSAGES_LOAD_ERROR', 'Failed to load messages: Unknown column ''m.receiver_id'' in ''WHERE''', '2025-11-06 22:17:05.0');
INSERT INTO activity_logs (log_id, user_id, action_type, action_details, timestamp) VALUES (125, 2, 'MESSAGES_LOAD_ERROR', 'Failed to load messages: Unknown column ''m.receiver_id'' in ''WHERE''', '2025-11-06 22:17:07.0');
INSERT INTO activity_logs (log_id, user_id, action_type, action_details, timestamp) VALUES (126, 2, 'MESSAGES_LOAD_ERROR', 'Failed to load messages: Unknown column ''m.receiver_id'' in ''WHERE''', '2025-11-06 22:17:09.0');
INSERT INTO activity_logs (log_id, user_id, action_type, action_details, timestamp) VALUES (127, 2, 'MESSAGES_LOAD_ERROR', 'Failed to load messages: Unknown column ''m.receiver_id'' in ''WHERE''', '2025-11-06 22:17:11.0');
INSERT INTO activity_logs (log_id, user_id, action_type, action_details, timestamp) VALUES (128, 2, 'MESSAGES_LOAD_ERROR', 'Failed to load messages: Unknown column ''m.receiver_id'' in ''WHERE''', '2025-11-06 22:17:13.0');
INSERT INTO activity_logs (log_id, user_id, action_type, action_details, timestamp) VALUES (129, 2, 'MESSAGES_LOAD_ERROR', 'Failed to load messages: Unknown column ''m.receiver_id'' in ''WHERE''', '2025-11-06 22:17:15.0');
INSERT INTO activity_logs (log_id, user_id, action_type, action_details, timestamp) VALUES (130, 2, 'MESSAGES_LOAD_ERROR', 'Failed to load messages: Unknown column ''m.receiver_id'' in ''WHERE''', '2025-11-06 22:17:17.0');
INSERT INTO activity_logs (log_id, user_id, action_type, action_details, timestamp) VALUES (131, 2, 'MESSAGES_LOAD_ERROR', 'Failed to load messages: Unknown column ''m.receiver_id'' in ''WHERE''', '2025-11-06 22:17:19.0');
INSERT INTO activity_logs (log_id, user_id, action_type, action_details, timestamp) VALUES (132, 2, 'MESSAGES_LOAD_ERROR', 'Failed to load messages: Unknown column ''m.receiver_id'' in ''WHERE''', '2025-11-06 22:17:21.0');
INSERT INTO activity_logs (log_id, user_id, action_type, action_details, timestamp) VALUES (133, 2, 'MESSAGES_LOAD_ERROR', 'Failed to load messages: Unknown column ''m.receiver_id'' in ''WHERE''', '2025-11-06 22:17:23.0');
INSERT INTO activity_logs (log_id, user_id, action_type, action_details, timestamp) VALUES (134, 2, 'MESSAGES_LOAD_ERROR', 'Failed to load messages: Unknown column ''m.receiver_id'' in ''WHERE''', '2025-11-06 22:17:25.0');
INSERT INTO activity_logs (log_id, user_id, action_type, action_details, timestamp) VALUES (135, 2, 'MESSAGES_LOAD_ERROR', 'Failed to load messages: Unknown column ''m.receiver_id'' in ''WHERE''', '2025-11-06 22:17:27.0');
INSERT INTO activity_logs (log_id, user_id, action_type, action_details, timestamp) VALUES (136, 2, 'MESSAGES_LOAD_ERROR', 'Failed to load messages: Unknown column ''m.receiver_id'' in ''WHERE''', '2025-11-06 22:17:29.0');
INSERT INTO activity_logs (log_id, user_id, action_type, action_details, timestamp) VALUES (137, 2, 'MESSAGES_LOAD_ERROR', 'Failed to load messages: Unknown column ''m.receiver_id'' in ''WHERE''', '2025-11-06 22:17:31.0');
INSERT INTO activity_logs (log_id, user_id, action_type, action_details, timestamp) VALUES (138, 2, 'MESSAGES_LOAD_ERROR', 'Failed to load messages: Unknown column ''m.receiver_id'' in ''WHERE''', '2025-11-06 22:17:33.0');
INSERT INTO activity_logs (log_id, user_id, action_type, action_details, timestamp) VALUES (139, 2, 'MESSAGES_LOAD_ERROR', 'Failed to load messages: Unknown column ''m.receiver_id'' in ''WHERE''', '2025-11-06 22:17:35.0');
INSERT INTO activity_logs (log_id, user_id, action_type, action_details, timestamp) VALUES (140, 2, 'MESSAGES_LOAD_ERROR', 'Failed to load messages: Unknown column ''m.receiver_id'' in ''WHERE''', '2025-11-06 22:17:37.0');
INSERT INTO activity_logs (log_id, user_id, action_type, action_details, timestamp) VALUES (141, 2, 'MESSAGES_LOAD_ERROR', 'Failed to load messages: Unknown column ''m.receiver_id'' in ''WHERE''', '2025-11-06 22:17:39.0');
INSERT INTO activity_logs (log_id, user_id, action_type, action_details, timestamp) VALUES (142, 2, 'LOGIN', 'User logged in successfully', '2025-11-06 22:19:54.0');
INSERT INTO activity_logs (log_id, user_id, action_type, action_details, timestamp) VALUES (143, 2, 'SEND_MESSAGE', 'Sent message to user ID: 6', '2025-11-06 22:20:21.0');
INSERT INTO activity_logs (log_id, user_id, action_type, action_details, timestamp) VALUES (144, 2, 'LOGIN', 'User logged in successfully', '2025-11-06 22:27:23.0');
INSERT INTO activity_logs (log_id, user_id, action_type, action_details, timestamp) VALUES (145, 2, 'SEND_MESSAGE', 'Sent message to user ID: 6', '2025-11-06 22:27:48.0');
INSERT INTO activity_logs (log_id, user_id, action_type, action_details, timestamp) VALUES (146, 2, 'SEND_MESSAGE', 'Sent message to user ID: 6', '2025-11-06 22:28:12.0');
INSERT INTO activity_logs (log_id, user_id, action_type, action_details, timestamp) VALUES (147, 2, 'SEND_MESSAGE', 'Sent message to user ID: 4', '2025-11-06 22:28:38.0');
INSERT INTO activity_logs (log_id, user_id, action_type, action_details, timestamp) VALUES (148, 2, 'LOGOUT', 'User logged out', '2025-11-06 22:28:55.0');
INSERT INTO activity_logs (log_id, user_id, action_type, action_details, timestamp) VALUES (149, 6, 'LOGIN', 'User logged in successfully', '2025-11-06 22:29:07.0');
INSERT INTO activity_logs (log_id, user_id, action_type, action_details, timestamp) VALUES (150, 6, 'SEND_MESSAGE', 'Sent message to user ID: 2', '2025-11-06 22:29:27.0');
INSERT INTO activity_logs (log_id, user_id, action_type, action_details, timestamp) VALUES (151, 2, 'LOGIN', 'User logged in successfully', '2025-11-06 22:32:55.0');
INSERT INTO activity_logs (log_id, user_id, action_type, action_details, timestamp) VALUES (152, 2, 'SEND_MESSAGE', 'Sent message to user ID: 6', '2025-11-06 22:34:03.0');
INSERT INTO activity_logs (log_id, user_id, action_type, action_details, timestamp) VALUES (153, 2, 'SEND_MESSAGE', 'Sent message to user ID: 3', '2025-11-06 22:34:39.0');
INSERT INTO activity_logs (log_id, user_id, action_type, action_details, timestamp) VALUES (154, 2, 'SEND_MESSAGE', 'Sent message to user ID: 6', '2025-11-06 22:34:54.0');
INSERT INTO activity_logs (log_id, user_id, action_type, action_details, timestamp) VALUES (155, 2, 'SEND_MESSAGE', 'Sent message to user ID: 6', '2025-11-06 22:34:56.0');
INSERT INTO activity_logs (log_id, user_id, action_type, action_details, timestamp) VALUES (156, 2, 'LOGIN', 'User logged in successfully', '2025-11-06 22:55:38.0');
INSERT INTO activity_logs (log_id, user_id, action_type, action_details, timestamp) VALUES (157, 2, 'LOGIN', 'User logged in successfully', '2025-11-08 19:44:40.0');
INSERT INTO activity_logs (log_id, user_id, action_type, action_details, timestamp) VALUES (158, 2, 'LOGIN', 'User logged in successfully', '2025-11-08 19:58:42.0');
INSERT INTO activity_logs (log_id, user_id, action_type, action_details, timestamp) VALUES (159, 2, 'LOGIN', 'User logged in successfully', '2025-11-08 20:01:47.0');
INSERT INTO activity_logs (log_id, user_id, action_type, action_details, timestamp) VALUES (160, 2, 'LOGIN', 'User logged in successfully', '2025-11-08 20:09:47.0');
INSERT INTO activity_logs (log_id, user_id, action_type, action_details, timestamp) VALUES (161, 2, 'LOGIN', 'User logged in successfully', '2025-11-08 20:21:46.0');
INSERT INTO activity_logs (log_id, user_id, action_type, action_details, timestamp) VALUES (162, 2, 'LOGIN', 'User logged in successfully', '2025-11-08 20:28:42.0');
INSERT INTO activity_logs (log_id, user_id, action_type, action_details, timestamp) VALUES (163, 2, 'LOGIN', 'User logged in successfully', '2025-11-08 20:30:23.0');
INSERT INTO activity_logs (log_id, user_id, action_type, action_details, timestamp) VALUES (164, 2, 'LOGIN', 'User logged in successfully', '2025-11-08 20:34:19.0');
INSERT INTO activity_logs (log_id, user_id, action_type, action_details, timestamp) VALUES (165, 2, 'LOGIN', 'User logged in successfully', '2025-11-08 20:41:20.0');
INSERT INTO activity_logs (log_id, user_id, action_type, action_details, timestamp) VALUES (166, 2, 'UPLOAD', 'Uploaded document: TrM_SWDDT501_DevOps Techniques Application', '2025-11-08 20:42:15.0');
INSERT INTO activity_logs (log_id, user_id, action_type, action_details, timestamp) VALUES (167, 2, 'USER_UPDATE', 'Updated user ID: 4', '2025-11-08 20:43:03.0');
INSERT INTO activity_logs (log_id, user_id, action_type, action_details, timestamp) VALUES (168, 2, 'USER_UPDATE', 'Updated user ID: 4', '2025-11-08 20:45:06.0');
INSERT INTO activity_logs (log_id, user_id, action_type, action_details, timestamp) VALUES (169, 2, 'LOGOUT', 'User logged out', '2025-11-08 20:51:04.0');
INSERT INTO activity_logs (log_id, user_id, action_type, action_details, timestamp) VALUES (170, 2, 'LOGIN', 'User logged in successfully', '2025-11-08 20:54:00.0');
INSERT INTO activity_logs (log_id, user_id, action_type, action_details, timestamp) VALUES (171, 2, 'LOGIN', 'User logged in successfully', '2025-11-09 21:08:01.0');
INSERT INTO activity_logs (log_id, user_id, action_type, action_details, timestamp) VALUES (172, 2, 'LOGIN', 'User logged in successfully', '2025-11-09 21:16:23.0');
INSERT INTO activity_logs (log_id, user_id, action_type, action_details, timestamp) VALUES (173, 2, 'LOGIN', 'User logged in successfully', '2025-11-09 21:21:35.0');
INSERT INTO activity_logs (log_id, user_id, action_type, action_details, timestamp) VALUES (174, 2, 'LOGIN', 'User logged in successfully', '2025-11-09 23:15:31.0');
INSERT INTO activity_logs (log_id, user_id, action_type, action_details, timestamp) VALUES (175, 2, 'BACKUP_ERROR', 'Cloud backup failed: Backup failed: Google Drive service not initialized. Check server logs for initialization errors.', '2025-11-09 23:15:38.0');
INSERT INTO activity_logs (log_id, user_id, action_type, action_details, timestamp) VALUES (176, 2, 'LOGIN', 'User logged in successfully', '2025-11-09 23:19:20.0');
INSERT INTO activity_logs (log_id, user_id, action_type, action_details, timestamp) VALUES (177, 2, 'BACKUP_ERROR', 'Cloud backup failed: Backup failed: Google Drive service not initialized. Check server logs for initialization errors.', '2025-11-09 23:19:27.0');
INSERT INTO activity_logs (log_id, user_id, action_type, action_details, timestamp) VALUES (178, 2, 'LOGIN', 'User logged in successfully', '2025-11-09 23:42:48.0');
INSERT INTO activity_logs (log_id, user_id, action_type, action_details, timestamp) VALUES (179, 2, 'BACKUP_ERROR', 'Cloud backup failed: Backup failed: Google Drive service not initialized. Check server logs for initialization errors.', '2025-11-09 23:43:01.0');
INSERT INTO activity_logs (log_id, user_id, action_type, action_details, timestamp) VALUES (180, 2, 'LOGIN', 'User logged in successfully', '2025-11-09 23:47:55.0');
INSERT INTO activity_logs (log_id, user_id, action_type, action_details, timestamp) VALUES (181, 2, 'BACKUP_ERROR', 'Cloud backup failed: Backup failed: Google Drive service not initialized. Check server logs for initialization errors.', '2025-11-09 23:48:07.0');
INSERT INTO activity_logs (log_id, user_id, action_type, action_details, timestamp) VALUES (182, 2, 'LOGIN', 'User logged in successfully', '2025-11-09 23:56:56.0');
INSERT INTO activity_logs (log_id, user_id, action_type, action_details, timestamp) VALUES (183, 2, 'LOGIN', 'User logged in successfully', '2025-11-10 18:00:12.0');
INSERT INTO activity_logs (log_id, user_id, action_type, action_details, timestamp) VALUES (184, 2, 'BACKUP_ERROR', 'Cloud backup failed: Backup failed: Google Drive service not initialized. Check server logs for initialization errors.', '2025-11-10 18:00:19.0');
INSERT INTO activity_logs (log_id, user_id, action_type, action_details, timestamp) VALUES (185, 2, 'BACKUP_ERROR', 'Cloud backup failed: Backup failed: Google Drive service not initialized. Check server logs for initialization errors.', '2025-11-10 18:01:20.0');
INSERT INTO activity_logs (log_id, user_id, action_type, action_details, timestamp) VALUES (186, 2, 'BACKUP_ERROR', 'Cloud backup failed: Backup failed: Google Drive service not initialized. Check server logs for initialization errors.', '2025-11-10 18:01:44.0');
INSERT INTO activity_logs (log_id, user_id, action_type, action_details, timestamp) VALUES (187, 2, 'LOGIN', 'User logged in successfully', '2025-11-10 18:02:41.0');
INSERT INTO activity_logs (log_id, user_id, action_type, action_details, timestamp) VALUES (188, 2, 'BACKUP_ERROR', 'Cloud backup failed: Backup failed: Google Drive service not initialized. Check server logs for initialization errors.', '2025-11-10 18:02:46.0');
INSERT INTO activity_logs (log_id, user_id, action_type, action_details, timestamp) VALUES (189, 2, 'LOGIN', 'User logged in successfully', '2025-11-10 18:05:28.0');
INSERT INTO activity_logs (log_id, user_id, action_type, action_details, timestamp) VALUES (190, 2, 'BACKUP', 'Cloud backup completed: DocumentHub_Backup_20251110_181342', '2025-11-10 18:14:05.0');
INSERT INTO activity_logs (log_id, user_id, action_type, action_details, timestamp) VALUES (191, 2, 'LOGIN', 'User logged in successfully', '2025-11-10 18:36:42.0');
INSERT INTO activity_logs (log_id, user_id, action_type, action_details, timestamp) VALUES (192, 2, 'BACKUP_COMPLETE', 'Cloud backup completed successfully.', '2025-11-10 18:37:28.0');
INSERT INTO activity_logs (log_id, user_id, action_type, action_details, timestamp) VALUES (193, 2, 'LOGIN', 'User logged in successfully', '2025-11-10 18:49:39.0');
INSERT INTO activity_logs (log_id, user_id, action_type, action_details, timestamp) VALUES (194, 2, 'USER_CREATE', 'Created user: j', '2025-11-10 18:59:00.0');
INSERT INTO activity_logs (log_id, user_id, action_type, action_details, timestamp) VALUES (195, 2, 'USER_UPDATE', 'Updated user ID: 7', '2025-11-10 18:59:08.0');
INSERT INTO activity_logs (log_id, user_id, action_type, action_details, timestamp) VALUES (196, 2, 'USER_DELETE', 'Deleted user ID: 7', '2025-11-10 18:59:14.0');
INSERT INTO activity_logs (log_id, user_id, action_type, action_details, timestamp) VALUES (197, 2, 'USER_CREATE', 'Created user: j', '2025-11-10 18:59:28.0');
INSERT INTO activity_logs (log_id, user_id, action_type, action_details, timestamp) VALUES (198, 2, 'LOGIN', 'User logged in successfully', '2025-11-10 20:09:06.0');
INSERT INTO activity_logs (log_id, user_id, action_type, action_details, timestamp) VALUES (199, 2, 'SEND_MESSAGE', 'Sent message to user ID: 6', '2025-11-10 20:10:19.0');
INSERT INTO activity_logs (log_id, user_id, action_type, action_details, timestamp) VALUES (200, 2, 'BACKUP_START', 'Manual backup started by: niyo', '2025-11-10 20:10:45.0');
INSERT INTO activity_logs (log_id, user_id, action_type, action_details, timestamp) VALUES (201, 2, 'BACKUP_COMPLETE', 'Cloud backup completed successfully. Folder: DocumentHub_Backup_20251110_201045', '2025-11-10 20:11:01.0');
INSERT INTO activity_logs (log_id, user_id, action_type, action_details, timestamp) VALUES (202, 2, 'LOGIN', 'User logged in successfully', '2025-11-10 20:44:17.0');
INSERT INTO activity_logs (log_id, user_id, action_type, action_details, timestamp) VALUES (203, 2, 'BACKUP_START', 'Manual backup started by: niyo', '2025-11-10 20:44:46.0');
INSERT INTO activity_logs (log_id, user_id, action_type, action_details, timestamp) VALUES (204, 2, 'BACKUP_COMPLETE', 'Cloud backup completed successfully. Folder: DocumentHub_Backup_20251110_204446', '2025-11-10 20:44:57.0');
INSERT INTO activity_logs (log_id, user_id, action_type, action_details, timestamp) VALUES (205, 2, 'LOGIN', 'User logged in successfully', '2025-11-10 21:10:52.0');
INSERT INTO activity_logs (log_id, user_id, action_type, action_details, timestamp) VALUES (206, 2, 'BACKUP_START', 'Manual backup started by: niyo', '2025-11-10 21:11:44.0');
INSERT INTO activity_logs (log_id, user_id, action_type, action_details, timestamp) VALUES (207, 2, 'BACKUP_COMPLETE', 'Cloud backup completed successfully. Folder: DocumentHub_Backup_20251110_211144', '2025-11-10 21:11:54.0');
INSERT INTO activity_logs (log_id, user_id, action_type, action_details, timestamp) VALUES (208, 2, 'LOGIN', 'User logged in successfully', '2025-11-10 21:20:41.0');
INSERT INTO activity_logs (log_id, user_id, action_type, action_details, timestamp) VALUES (209, 2, 'LOGIN', 'User logged in successfully', '2025-11-10 21:23:52.0');
-- Messages Table
INSERT INTO messages (message_id, sender_id, receiver_id, message_text, sent_date, is_read) VALUES (1, 2, 6, 'hello', '2025-11-06 22:20:21.0', true);
INSERT INTO messages (message_id, sender_id, receiver_id, message_text, sent_date, is_read) VALUES (2, 2, 6, 'hello wee', '2025-11-06 22:27:47.0', true);
INSERT INTO messages (message_id, sender_id, receiver_id, message_text, sent_date, is_read) VALUES (3, 2, 6, 'murahoooo', '2025-11-06 22:28:12.0', true);
INSERT INTO messages (message_id, sender_id, receiver_id, message_text, sent_date, is_read) VALUES (4, 2, 4, 'bite wee', '2025-11-06 22:28:38.0', false);
INSERT INTO messages (message_id, sender_id, receiver_id, message_text, sent_date, is_read) VALUES (5, 6, 2, 'kk', '2025-11-06 22:29:27.0', true);
INSERT INTO messages (message_id, sender_id, receiver_id, message_text, sent_date, is_read) VALUES (6, 2, 6, 'umeze gute? byakunze?', '2025-11-06 22:34:03.0', false);
INSERT INTO messages (message_id, sender_id, receiver_id, message_text, sent_date, is_read) VALUES (7, 2, 3, 'salama wowe', '2025-11-06 22:34:39.0', false);
INSERT INTO messages (message_id, sender_id, receiver_id, message_text, sent_date, is_read) VALUES (8, 2, 6, 'ijuhygf', '2025-11-06 22:34:54.0', false);
INSERT INTO messages (message_id, sender_id, receiver_id, message_text, sent_date, is_read) VALUES (9, 2, 6, 'hgfgcd', '2025-11-06 22:34:56.0', false);
INSERT INTO messages (message_id, sender_id, receiver_id, message_text, sent_date, is_read) VALUES (10, 2, 6, 'still here?', '2025-11-10 20:10:19.0', false);
